t,w_corrected,w_uncorrected,step_corrected,step_uncorrected,ratio,rel_disp_diff
1,0.4900000009999999,0.468377323398,-0.009999999000000093,-0.03162267660200002,0.3162277660168381,2.1622679764267705
2,0.48000000199999987,0.42588150156526566,-0.009999999000000037,-0.042495821832734315,0.23531672532745276,2.705925292329222
3,0.4700000029999998,0.37637923851442007,-0.009999999000000093,-0.049502263050845596,0.2020105974389679,3.1206924615885465
4,0.46000000399999974,0.32196316003398223,-0.009999999000000037,-0.054416078480437835,0.18376892374498519,3.4509214442425598
5,0.45000000499999965,0.2639918400907839,-0.009999999000000093,-0.05797131994319832,0.17249884690452813,3.7201636702006553
6,0.44000000599999955,0.20342555725517142,-0.009999999000000093,-0.060566282835612495,0.16510815268402332,3.942907873371227
7,0.4300000069999995,0.14097659722605949,-0.009999999000000037,-0.06244896002911193,0.16013057743679973,4.1289062668040275
8,0.4200000079999994,0.07718946488950748,-0.009999999000000093,-0.063787132336552,0.15677125516997972,4.285132217394341
9,0.41000000899999933,0.012488754005272606,-0.009999999000000093,-0.06470071088423487,0.15455764397831934,4.416792163842814
10,0.40000000999999924,-0.052789987614908856,-0.009999999000000093,-0.06527874162018146,0.1531890739511824,4.527900428939089
11,0.39000001099999915,-0.1183792040090729,-0.009999999000000093,-0.06558921639416404,0.15246394135025237,4.621629689518134
12,0.38000001199999905,-0.18406434640668234,-0.009999999000000093,-0.06568514239760945,0.15224129051350335,4.70053679010932
13,0.37000001299999896,-0.24967285229449068,-0.009999999000000093,-0.06560850588780834,0.1524191271813757,4.766714825090595
14,0.36000001399999887,-0.3150658271354421,-0.009999999000000093,-0.06539297484095144,0.15292149570034197,4.821899347443046
15,0.3500000149999988,-0.38013163448546144,-0.009999999000000093,-0.06506580735001932,0.15369042840954503,4.86754481665751
16,0.3400000159999987,-0.44478087299797575,-0.009999999000000093,-0.0646492385125143,0.15468074017146757,4.9048810467254045
17,0.3300000169999986,-0.5089423857196651,-0.009999999000000093,-0.06416151272168935,0.15585655442731472,4.934955803611208
18,0.3200000179999985,-0.5725600533185802,-0.009999999000000093,-0.06361766759891507,0.1571889208164824,4.958667558747707
19,0.3100000189999984,-0.6355901928218087,-0.009999999000000093,-0.06303013950322855,0.15865414215129423,4.976791086214894
20,0.3000000199999983,-0.6979994308441617,-0.009999999000000093,-0.062409238022352986,0.1602325747308485,4.989997753220534
