width,lr,final_loss
256,0.0001,1.3510940968990326
256,0.0003,1.2933802902698517
256,0.001,1.258058339357376
256,0.003,1.2536484897136688
256,0.006,1.2789223194122314
256,0.01,1.3752262592315674
256,0.03,1.4935638904571533
512,0.0001,1.305677443742752
512,0.0003,1.2616089582443237
512,0.001,1.2364783585071564
512,0.003,1.2800390422344208
512,0.006,1.392298847436905
512,0.01,1.4099701642990112
512,0.03,1.8528513312339783
1024,0.0001,1.2742082476615906
1024,0.0003,1.2325293719768524
1024,0.001,1.2470408976078033
1024,0.003,1.3947169184684753
1024,0.006,1.4448499977588654
1024,0.01,1.626700609922409
1024,0.03,2.523914158344269
